Time;Campaign;File Name;Longitude;Latitude;RSCP;Ec/Io;PCI/PSC/BSIC;Technology;Home Operator;UARFCN
2022-06-18 12:46:27.958;BP3_DT_05_VOICE DE ON NET;2022-06-18-12-45-42-3251-1402-1520-9895-B.mf;115.08587500;-3.12881000;-94;-10;24;UMTS;Telkomsel;10638
2022-06-18 12:46:28.201;BP3_DT_05_VOICE DE ON NET;2022-06-18-12-45-42-3251-1402-1520-9895-B.mf;115.08577200;-3.12877700;-95.555;-10.886;24;UMTS;Telkomsel;10638
2022-06-18 12:46:28.872;BP3_DT_05_VOICE DE ON NET;2022-06-18-12-45-42-3251-1402-1520-9895-B.mf;115.08577200;-3.12877700;-96.924;-14.308;24;UMTS;Telkomsel;10638
2022-06-18 12:46:29.471;BP3_DT_05_VOICE DE ON NET;2022-06-18-12-45-42-3251-1402-1520-9895-B.mf;115.08567200;-3.12873800;-93.407;-13.781;24;UMTS;Telkomsel;10638
2022-06-18 12:46:29.994;BP3_DT_05_VOICE DE ON NET;2022-06-18-12-45-42-3251-1402-1520-9895-B.mf;115.08562400;-3.12872200;-93.781;-13.478;24;UMTS;Telkomsel;10638
2022-06-18 12:46:30.473;BP3_DT_05_VOICE DE ON NET;2022-06-18-12-45-42-3251-1402-1520-9895-B.mf;115.08557700;-3.12870500;-89.905;-13.323;24;UMTS;Telkomsel;10638
2022-06-18 12:46:30.996;BP3_DT_05_VOICE DE ON NET;2022-06-18-12-45-42-3251-1402-1520-9895-B.mf;115.08557700;-3.12870500;-92.657;-11.808;24;UMTS;Telkomsel;10638
2022-06-18 12:46:31.598;BP3_DT_05_VOICE DE ON NET;2022-06-18-12-45-42-3251-1402-1520-9895-B.mf;115.08548500;-3.12868000;-91.302;-10.773;24;UMTS;Telkomsel;10638
2022-06-18 12:46:32.100;BP3_DT_05_VOICE DE ON NET;2022-06-18-12-45-42-3251-1402-1520-9895-B.mf;115.08544400;-3.12866900;-92.816;-12.983;24;UMTS;Telkomsel;10638
2022-06-18 12:46:32.602;BP3_DT_05_VOICE DE ON NET;2022-06-18-12-45-42-3251-1402-1520-9895-B.mf;115.08540300;-3.12865800;-91.747;-13.214;24;UMTS;Telkomsel;10638
2022-06-18 12:46:33.103;BP3_DT_05_VOICE DE ON NET;2022-06-18-12-45-42-3251-1402-1520-9895-B.mf;115.08537000;-3.12864900;-89.817;-12.954;24;UMTS;Telkomsel;10638
2022-06-18 12:46:33.704;BP3_DT_05_VOICE DE ON NET;2022-06-18-12-45-42-3251-1402-1520-9895-B.mf;115.08533700;-3.12864000;-87.304;-12.64;24;UMTS;Telkomsel;10638
2022-06-18 12:46:34.105;BP3_DT_05_VOICE DE ON NET;2022-06-18-12-45-42-3251-1402-1520-9895-B.mf;115.08531200;-3.12863300;-90.641;-13.229;24;UMTS;Telkomsel;10638
2022-06-18 12:46:59.796;BP3_DT_05_VOICE DE ON NET;2022-06-18-12-45-42-3251-1402-1520-9895-A.mf;115.08460200;-3.12858500;-90;-13;24;UMTS;Telkomsel;10638
2022-06-18 12:47:00.248;BP3_DT_05_VOICE DE ON NET;2022-06-18-12-45-42-3251-1402-1520-9895-A.mf;115.08458500;-3.12858700;-91.162;-13.64;24;UMTS;Telkomsel;10638
2022-06-18 12:47:00.652;BP3_DT_05_VOICE DE ON NET;2022-06-18-12-45-42-3251-1402-1520-9895-A.mf;115.08456800;-3.12858800;-86;-11.471;24;UMTS;Telkomsel;10638
2022-06-18 12:47:01.401;BP3_DT_05_VOICE DE ON NET;2022-06-18-12-45-42-3251-1402-1520-9895-A.mf;115.08454300;-3.12858800;-90.134;-12.572;24;UMTS;Telkomsel;10638
2022-06-18 12:47:02.002;BP3_DT_05_VOICE DE ON NET;2022-06-18-12-45-42-3251-1402-1520-9895-A.mf;115.08454300;-3.12858800;-91.571;-13.308;24;UMTS;Telkomsel;10638
2022-06-18 12:47:02.453;BP3_DT_05_VOICE DE ON NET;2022-06-18-12-45-42-3251-1402-1520-9895-A.mf;115.08452300;-3.12859300;-93.765;-14;24;UMTS;Telkomsel;10638
2022-06-18 12:47:03.053;BP3_DT_05_VOICE DE ON NET;2022-06-18-12-45-42-3251-1402-1520-9895-A.mf;115.08452300;-3.12859300;-91.864;-13.64;24;UMTS;Telkomsel;10638
2022-06-18 12:47:03.603;BP3_DT_05_VOICE DE ON NET;2022-06-18-12-45-42-3251-1402-1520-9895-A.mf;115.08450500;-3.12859700;-95.213;-14.097;24;UMTS;Telkomsel;10638
2022-06-18 12:47:04.054;BP3_DT_05_VOICE DE ON NET;2022-06-18-12-45-42-3251-1402-1520-9895-A.mf;115.08450500;-3.12859700;-93.028;-13.572;24;UMTS;Telkomsel;10638
2022-06-18 12:47:04.701;BP3_DT_05_VOICE DE ON NET;2022-06-18-12-45-42-3251-1402-1520-9895-A.mf;115.08449300;-3.12859800;-93.176;-13.64;24;UMTS;Telkomsel;10638
2022-06-18 12:47:05.205;BP3_DT_05_VOICE DE ON NET;2022-06-18-12-45-42-3251-1402-1520-9895-A.mf;115.08449300;-3.12859800;-93.976;-13.134;24;UMTS;Telkomsel;10638
2022-06-18 12:47:05.702;BP3_DT_05_VOICE DE ON NET;2022-06-18-12-45-42-3251-1402-1520-9895-A.mf;115.08448300;-3.12860000;-92.954;-12.852;24;UMTS;Telkomsel;10638
2022-06-18 12:47:06.303;BP3_DT_05_VOICE DE ON NET;2022-06-18-12-45-42-3251-1402-1520-9895-A.mf;115.08448300;-3.12860000;-90.727;-12.301;24;UMTS;Telkomsel;10638
2022-06-18 12:47:06.806;BP3_DT_05_VOICE DE ON NET;2022-06-18-12-45-42-3251-1402-1520-9895-A.mf;115.08447200;-3.12860300;-94.162;-14.873;24;UMTS;Telkomsel;10638
2022-06-18 12:47:07.407;BP3_DT_05_VOICE DE ON NET;2022-06-18-12-45-42-3251-1402-1520-9895-A.mf;115.08445800;-3.12860300;-93.706;-14.429;24;UMTS;Telkomsel;10638
2022-06-18 12:47:08.008;BP3_DT_05_VOICE DE ON NET;2022-06-18-12-45-42-3251-1402-1520-9895-A.mf;115.08445800;-3.12860300;-95.415;-14.526;24;UMTS;Telkomsel;10638
2022-06-18 12:47:08.611;BP3_DT_05_VOICE DE ON NET;2022-06-18-12-45-42-3251-1402-1520-9895-A.mf;115.08444700;-3.12860300;-94.757;-13.78;24;UMTS;Telkomsel;10638
2022-06-18 12:47:09.213;BP3_DT_05_VOICE DE ON NET;2022-06-18-12-45-42-3251-1402-1520-9895-A.mf;115.08444700;-3.12860300;-93.218;-13.353;24;UMTS;Telkomsel;10638
2022-06-18 12:47:09.709;BP3_DT_05_VOICE DE ON NET;2022-06-18-12-45-42-3251-1402-1520-9895-A.mf;115.08443000;-3.12860200;-93.908;-13.323;24;UMTS;Telkomsel;10638
2022-06-18 12:47:10.215;BP3_DT_05_VOICE DE ON NET;2022-06-18-12-45-42-3251-1402-1520-9895-A.mf;115.08443000;-3.12860200;-93.745;-13.373;24;UMTS;Telkomsel;10638
2022-06-18 12:47:10.712;BP3_DT_05_VOICE DE ON NET;2022-06-18-12-45-42-3251-1402-1520-9895-A.mf;115.08440800;-3.12860000;-94.211;-13.572;24;UMTS;Telkomsel;10638
2022-06-18 12:47:11.220;BP3_DT_05_VOICE DE ON NET;2022-06-18-12-45-42-3251-1402-1520-9895-A.mf;115.08440800;-3.12860000;-95.659;-13.954;24;UMTS;Telkomsel;10638
2022-06-18 12:47:11.714;BP3_DT_05_VOICE DE ON NET;2022-06-18-12-45-42-3251-1402-1520-9895-A.mf;115.08438200;-3.12860000;-93.614;-13.682;24;UMTS;Telkomsel;10638
2022-06-18 12:47:12.223;BP3_DT_05_VOICE DE ON NET;2022-06-18-12-45-42-3251-1402-1520-9895-A.mf;115.08438200;-3.12860000;-94.969;-13.323;24;UMTS;Telkomsel;10638
2022-06-18 12:47:12.716;BP3_DT_05_VOICE DE ON NET;2022-06-18-12-45-42-3251-1402-1520-9895-A.mf;115.08435000;-3.12860300;-95.781;-13.781;24;UMTS;Telkomsel;10638
2022-06-18 12:47:13.225;BP3_DT_05_VOICE DE ON NET;2022-06-18-12-45-42-3251-1402-1520-9895-A.mf;115.08435000;-3.12860300;-95.781;-13.323;24;UMTS;Telkomsel;10638
2022-06-18 12:47:13.625;BP3_DT_05_VOICE DE ON NET;2022-06-18-12-45-42-3251-1402-1520-9895-A.mf;115.08430300;-3.12861000;-98.462;-14.229;24;UMTS;Telkomsel;10638
2022-06-18 12:47:14.226;BP3_DT_05_VOICE DE ON NET;2022-06-18-12-45-42-3251-1402-1520-9895-A.mf;115.08427900;-3.12861400;-98.012;-14.308;24;UMTS;Telkomsel;10638
2022-06-18 12:47:35.049;BP3_DT_05_VOICE DE ON NET;2022-06-18-12-45-42-3251-1402-1520-9895-B.mf;115.08295900;-3.12889800;-97;-11;24;UMTS;Telkomsel;10638
2022-06-18 12:47:35.378;BP3_DT_05_VOICE DE ON NET;2022-06-18-12-45-42-3251-1402-1520-9895-B.mf;115.08292000;-3.12890700;-96.886;-11.886;24;UMTS;Telkomsel;10638
2022-06-18 12:47:36.064;BP3_DT_05_VOICE DE ON NET;2022-06-18-12-45-42-3251-1402-1520-9895-B.mf;115.08292000;-3.12890700;-92.483;-12.308;24;UMTS;Telkomsel;10638
2022-06-18 12:47:36.590;BP3_DT_05_VOICE DE ON NET;2022-06-18-12-45-42-3251-1402-1520-9895-B.mf;115.08284200;-3.12893000;-96.745;-8.729;24;UMTS;Telkomsel;10638
2022-06-18 12:47:37.067;BP3_DT_05_VOICE DE ON NET;2022-06-18-12-45-42-3251-1402-1520-9895-B.mf;115.08284200;-3.12893000;-95.614;-7.696;24;UMTS;Telkomsel;10638
2022-06-18 12:47:37.639;BP3_DT_05_VOICE DE ON NET;2022-06-18-12-45-42-3251-1402-1520-9895-B.mf;115.08276200;-3.12895000;-96.711;-7.923;24;UMTS;Telkomsel;10638
2022-06-18 12:47:38.125;BP3_DT_05_VOICE DE ON NET;2022-06-18-12-45-42-3251-1402-1520-9895-B.mf;115.08272300;-3.12896100;-94.471;-5.471;24;UMTS;Telkomsel;10638
2022-06-18 12:47:38.726;BP3_DT_05_VOICE DE ON NET;2022-06-18-12-45-42-3251-1402-1520-9895-B.mf;115.08268300;-3.12897200;-95.841;-6.229;24;UMTS;Telkomsel;10638
2022-06-18 12:47:39.327;BP3_DT_05_VOICE DE ON NET;2022-06-18-12-45-42-3251-1402-1520-9895-B.mf;115.08260300;-3.12899200;-94.395;-4.839;24;UMTS;Telkomsel;10638
2022-06-18 12:47:39.849;BP3_DT_05_VOICE DE ON NET;2022-06-18-12-45-42-3251-1402-1520-9895-B.mf;115.08256500;-3.12900200;-92.635;-4.52;24;UMTS;Telkomsel;10638
2022-06-18 12:47:40.128;BP3_DT_05_VOICE DE ON NET;2022-06-18-12-45-42-3251-1402-1520-9895-B.mf;115.08256500;-3.12900200;-92.228;-4.226;24;UMTS;Telkomsel;10638
2022-06-18 12:47:40.739;BP3_DT_05_VOICE DE ON NET;2022-06-18-12-45-42-3251-1402-1520-9895-B.mf;115.08252700;-3.12901200;-95;-5;24;UMTS;Telkomsel;10638
2022-06-18 12:47:41.384;BP3_DT_05_VOICE DE ON NET;2022-06-18-12-45-42-3251-1402-1520-9895-B.mf;115.08245200;-3.12903200;-95;-5;24;UMTS;Telkomsel;10638
2022-06-18 13:20:41.078;BP3_DT_04_SMS ON NET;2022-06-18-13-20-29-3241-1402-1520-9895-S.mf;115.13851200;-3.00903800;-112;-16;200;UMTS;Telkomsel;10638
2022-06-18 13:20:41.529;BP3_DT_04_SMS ON NET;2022-06-18-13-20-29-3241-1402-1520-9895-S.mf;115.13851700;-3.00903700;-109.64;-14;200;UMTS;Telkomsel;10638
2022-06-18 13:20:42.178;BP3_DT_04_SMS ON NET;2022-06-18-13-20-29-3241-1402-1520-9895-S.mf;115.13851700;-3.00903700;-105.64;-11;200;UMTS;Telkomsel;10638
2022-06-18 13:20:42.579;BP3_DT_04_SMS ON NET;2022-06-18-13-20-29-3241-1402-1520-9895-S.mf;115.13851700;-3.00903700;-105.471;-11;200;UMTS;Telkomsel;10638
2022-06-18 13:20:43.110;BP3_DT_04_SMS ON NET;2022-06-18-13-20-29-3241-1402-1520-9895-S.mf;115.13851700;-3.00903700;-104.606;-10.323;200;UMTS;Telkomsel;10638
2022-06-18 13:20:43.713;BP3_DT_04_SMS ON NET;2022-06-18-13-20-29-3241-1402-1520-9895-S.mf;115.13851700;-3.00903700;-105.886;-10.962;200;UMTS;Telkomsel;10638
2022-06-18 13:20:44.115;BP3_DT_04_SMS ON NET;2022-06-18-13-20-29-3241-1402-1520-9895-S.mf;115.13851700;-3.00903700;-106.886;-11.229;200;UMTS;Telkomsel;10638
2022-06-18 13:20:44.717;BP3_DT_04_SMS ON NET;2022-06-18-13-20-29-3241-1402-1520-9895-S.mf;115.13851700;-3.00903700;-106.308;-11.542;200;UMTS;Telkomsel;10638
2022-06-18 13:20:45.363;BP3_DT_04_SMS ON NET;2022-06-18-13-20-29-3241-1402-1520-9895-S.mf;115.13851700;-3.00903700;-109;-15;99;UMTS;Telkomsel;10638
2022-06-18 13:20:45.363;BP3_DT_04_SMS ON NET;2022-06-18-13-20-29-3241-1402-1520-9895-S.mf;115.13851700;-3.00903700;-105.698;-11.64;200;UMTS;Telkomsel;10638
2022-06-18 13:20:45.848;BP3_DT_04_SMS ON NET;2022-06-18-13-20-29-3241-1402-1520-9895-S.mf;115.13851700;-3.00903700;-108;-13.471;99;UMTS;Telkomsel;10638
2022-06-18 13:20:45.848;BP3_DT_04_SMS ON NET;2022-06-18-13-20-29-3241-1402-1520-9895-S.mf;115.13851700;-3.00903700;-105.471;-11.728;200;UMTS;Telkomsel;10638
2022-06-18 13:20:46.451;BP3_DT_04_SMS ON NET;2022-06-18-13-20-29-3241-1402-1520-9895-S.mf;115.13851700;-3.00903700;-112.924;-17.64;99;UMTS;Telkomsel;10638
2022-06-18 13:20:46.451;BP3_DT_04_SMS ON NET;2022-06-18-13-20-29-3241-1402-1520-9895-S.mf;115.13851700;-3.00903700;-107.072;-12.437;200;UMTS;Telkomsel;10638
2022-06-18 13:20:46.918;BP3_DT_04_SMS ON NET;2022-06-18-13-20-29-3241-1402-1520-9895-S.mf;115.13851700;-3.00903700;-111.886;-16.246;99;UMTS;Telkomsel;10638
2022-06-18 13:20:46.918;BP3_DT_04_SMS ON NET;2022-06-18-13-20-29-3241-1402-1520-9895-S.mf;115.13851700;-3.00903700;-107;-12.182;200;UMTS;Telkomsel;10638
2022-06-18 13:20:47.319;BP3_DT_04_SMS ON NET;2022-06-18-13-20-29-3241-1402-1520-9895-S.mf;115.13851700;-3.00903700;-111.471;-15.471;99;UMTS;Telkomsel;10638
2022-06-18 13:20:47.319;BP3_DT_04_SMS ON NET;2022-06-18-13-20-29-3241-1402-1520-9895-S.mf;115.13851700;-3.00903700;-107.42;-12.229;200;UMTS;Telkomsel;10638
2022-06-18 13:20:47.756;BP3_DT_04_SMS ON NET;2022-06-18-13-20-29-3241-1402-1520-9895-S.mf;115.13851700;-3.00903700;-107;-13;200;UMTS;Telkomsel;10638
2022-06-18 13:20:48.731;BP3_DT_04_SMS ON NET;2022-06-18-13-20-29-3241-1402-1520-9895-S.mf;115.13851700;-3.00903700;-106.728;-12.169;200;UMTS;Telkomsel;10638
2022-06-18 13:20:49.178;BP3_DT_04_SMS ON NET;2022-06-18-13-20-29-3241-1402-1520-9895-S.mf;115.13851700;-3.00903700;-107;-12.471;200;UMTS;Telkomsel;10638
2022-06-18 13:20:49.779;BP3_DT_04_SMS ON NET;2022-06-18-13-20-29-3241-1402-1520-9895-S.mf;115.13851700;-3.00903700;-107.64;-13;200;UMTS;Telkomsel;10638
2022-06-18 13:20:50.193;BP3_DT_04_SMS ON NET;2022-06-18-13-20-29-3241-1402-1520-9895-S.mf;115.13851700;-3.00903700;-107.471;-13.229;200;UMTS;Telkomsel;10638
2022-06-18 13:20:50.796;BP3_DT_04_SMS ON NET;2022-06-18-13-20-29-3241-1402-1520-9895-S.mf;115.13851700;-3.00903700;-104.745;-11.353;200;UMTS;Telkomsel;10638
2022-06-18 13:20:51.398;BP3_DT_04_SMS ON NET;2022-06-18-13-20-29-3241-1402-1520-9895-S.mf;115.13851700;-3.00903700;-102.773;-10.104;200;UMTS;Telkomsel;10638
2022-06-18 13:20:51.898;BP3_DT_04_SMS ON NET;2022-06-18-13-20-29-3241-1402-1520-9895-S.mf;115.13851700;-3.00903700;-102.773;-10.104;200;UMTS;Telkomsel;10638
2022-06-18 13:20:52.000;BP3_DT_04_SMS ON NET;2022-06-18-13-20-29-3241-1402-1520-9895-S.mf;115.13851700;-3.00903700;-102.669;-11.993;200;UMTS;Telkomsel;10638
2022-06-18 13:20:52.427;BP3_DT_04_SMS ON NET;2022-06-18-13-20-29-3241-1402-1520-9895-S.mf;115.13851700;-3.00903700;-101.674;-10.943;200;UMTS;Telkomsel;10638
2022-06-18 13:20:52.802;BP3_DT_04_SMS ON NET;2022-06-18-13-20-29-3241-1402-1520-9895-S.mf;115.13853700;-3.00903200;-101.728;-10.169;200;UMTS;Telkomsel;10638
2022-06-18 13:20:53.403;BP3_DT_04_SMS ON NET;2022-06-18-13-20-29-3241-1402-1520-9895-S.mf;115.13853700;-3.00903200;-101.395;-9.924;200;UMTS;Telkomsel;10638
2022-06-18 13:20:54.004;BP3_DT_04_SMS ON NET;2022-06-18-13-20-29-3241-1402-1520-9895-S.mf;115.13854500;-3.00903200;-101.954;-10.737;200;UMTS;Telkomsel;10638
2022-06-18 13:20:54.405;BP3_DT_04_SMS ON NET;2022-06-18-13-20-29-3241-1402-1520-9895-S.mf;115.13855000;-3.00903300;-101.52;-10.182;200;UMTS;Telkomsel;10638
2022-06-18 13:20:54.807;BP3_DT_04_SMS ON NET;2022-06-18-13-20-29-3241-1402-1520-9895-S.mf;115.13855000;-3.00903300;-101;-9.728;200;UMTS;Telkomsel;10638
2022-06-18 13:20:55.408;BP3_DT_04_SMS ON NET;2022-06-18-13-20-29-3241-1402-1520-9895-S.mf;115.13855000;-3.00903300;-101.112;-9.596;200;UMTS;Telkomsel;10638
2022-06-18 13:20:56.009;BP3_DT_04_SMS ON NET;2022-06-18-13-20-29-3241-1402-1520-9895-S.mf;115.13855500;-3.00903300;-101.64;-10.772;200;UMTS;Telkomsel;10638
2022-06-18 13:20:56.410;BP3_DT_04_SMS ON NET;2022-06-18-13-20-29-3241-1402-1520-9895-S.mf;115.13855500;-3.00903300;-101.373;-10.134;200;UMTS;Telkomsel;10638
2022-06-18 13:20:57.011;BP3_DT_04_SMS ON NET;2022-06-18-13-20-29-3241-1402-1520-9895-S.mf;115.13855500;-3.00903300;-101.182;-9.781;200;UMTS;Telkomsel;10638
2022-06-18 13:20:57.411;BP3_DT_04_SMS ON NET;2022-06-18-13-20-29-3241-1402-1520-9895-S.mf;115.13855500;-3.00903300;-101.182;-9.781;200;UMTS;Telkomsel;10638
2022-06-18 13:20:58.012;BP3_DT_04_SMS ON NET;2022-06-18-13-20-29-3241-1402-1520-9895-S.mf;115.13855500;-3.00903300;-101.373;-8.781;200;UMTS;Telkomsel;10638
2022-06-18 13:20:58.413;BP3_DT_04_SMS ON NET;2022-06-18-13-20-29-3241-1402-1520-9895-S.mf;115.13855500;-3.00903300;-101.373;-8.087;200;UMTS;Telkomsel;10638
2022-06-18 13:20:59.014;BP3_DT_04_SMS ON NET;2022-06-18-13-20-29-3241-1402-1520-9895-S.mf;115.13855500;-3.00903300;-101.954;-8.781;200;UMTS;Telkomsel;10638
2022-06-18 13:20:59.498;BP3_DT_04_SMS ON NET;2022-06-18-13-20-29-3241-1402-1520-9895-S.mf;115.13855500;-3.00903300;-101.572;-8.781;200;UMTS;Telkomsel;10638
2022-06-18 13:21:00.016;BP3_DT_04_SMS ON NET;2022-06-18-13-20-29-3241-1402-1520-9895-S.mf;115.13855500;-3.00903300;-101.572;-9.283;200;UMTS;Telkomsel;10638
2022-06-18 13:21:00.499;BP3_DT_04_SMS ON NET;2022-06-18-13-20-29-3241-1402-1520-9895-S.mf;115.13855500;-3.00903300;-100.781;-8.954;200;UMTS;Telkomsel;10638
2022-06-18 13:21:01.019;BP3_DT_04_SMS ON NET;2022-06-18-13-20-29-3241-1402-1520-9895-S.mf;115.13855500;-3.00903300;-100.373;-9.373;200;UMTS;Telkomsel;10638
2022-06-18 13:21:01.500;BP3_DT_04_SMS ON NET;2022-06-18-13-20-29-3241-1402-1520-9895-S.mf;115.13855500;-3.00903300;-101.182;-9.134;200;UMTS;Telkomsel;10638
2022-06-18 13:21:02.020;BP3_DT_04_SMS ON NET;2022-06-18-13-20-29-3241-1402-1520-9895-S.mf;115.13855500;-3.00903300;-101.182;-9.572;200;UMTS;Telkomsel;10638
2022-06-18 13:21:02.309;BP3_DT_04_SMS ON NET;2022-06-18-13-20-29-3241-1402-1520-9895-S.mf;115.13855500;-3.00903300;-100.64;-9.64;200;UMTS;Telkomsel;10638
2022-06-18 15:21:22.242;BP3_DT_01_DATA TEST;2022-06-18-15-15-03-3211-1402-1525-5443-S.mf;115.11617700;-2.93742600;-94;-13;162;UMTS;Telkomsel;10638
2022-06-18 15:21:22.691;BP3_DT_01_DATA TEST;2022-06-18-15-15-03-3211-1402-1525-5443-S.mf;115.11612700;-2.93742800;-95.643;-15.64;162;UMTS;Telkomsel;10638
2022-06-18 15:21:23.177;BP3_DT_01_DATA TEST;2022-06-18-15-15-03-3211-1402-1525-5443-S.mf;115.11612700;-2.93742800;-96;-16;162;UMTS;Telkomsel;10638
2022-06-18 15:21:23.779;BP3_DT_01_DATA TEST;2022-06-18-15-15-03-3211-1402-1525-5443-S.mf;115.11597800;-2.93743500;-97;-17;162;UMTS;Telkomsel;10638
2022-06-18 15:21:24.299;BP3_DT_01_DATA TEST;2022-06-18-15-15-03-3211-1402-1525-5443-S.mf;115.11592800;-2.93743700;-98.669;-18.085;162;UMTS;Telkomsel;10638
2022-06-18 15:21:24.781;BP3_DT_01_DATA TEST;2022-06-18-15-15-03-3211-1402-1525-5443-S.mf;115.11592800;-2.93743700;-96.795;-15.852;162;UMTS;Telkomsel;10638
2022-06-18 15:21:25.303;BP3_DT_01_DATA TEST;2022-06-18-15-15-03-3211-1402-1525-5443-S.mf;115.11588100;-2.93744000;-98.564;-17.53;162;UMTS;Telkomsel;10638
2022-06-18 15:21:25.783;BP3_DT_01_DATA TEST;2022-06-18-15-15-03-3211-1402-1525-5443-S.mf;115.11583300;-2.93744200;-97.35;-15.407;162;UMTS;Telkomsel;10638
2022-06-18 15:21:26.004;BP3_DT_01_DATA TEST;2022-06-18-15-15-03-3211-1402-1525-5443-S.mf;115.11583300;-2.93744200;-97.35;-15.407;162;UMTS;Telkomsel;10638
2022-06-18 15:21:26.306;BP3_DT_01_DATA TEST;2022-06-18-15-15-03-3211-1402-1525-5443-S.mf;115.11573800;-2.93745000;-99.507;-16.543;162;UMTS;Telkomsel;10638
2022-06-18 15:21:26.908;BP3_DT_01_DATA TEST;2022-06-18-15-15-03-3211-1402-1525-5443-S.mf;115.11569200;-2.93745400;-98.186;-15.669;162;UMTS;Telkomsel;10638
2022-06-18 15:21:27.386;BP3_DT_01_DATA TEST;2022-06-18-15-15-03-3211-1402-1525-5443-S.mf;115.11564500;-2.93745700;-99.765;-17.198;162;UMTS;Telkomsel;10638
2022-06-18 15:21:27.909;BP3_DT_01_DATA TEST;2022-06-18-15-15-03-3211-1402-1525-5443-S.mf;115.11559700;-2.93746100;-95.384;-14.469;162;UMTS;Telkomsel;10638
2022-06-18 15:21:28.387;BP3_DT_01_DATA TEST;2022-06-18-15-15-03-3211-1402-1525-5443-S.mf;115.11554800;-2.93746500;-98.009;-14.82;162;UMTS;Telkomsel;10638
2022-06-18 15:21:28.911;BP3_DT_01_DATA TEST;2022-06-18-15-15-03-3211-1402-1525-5443-S.mf;115.11554800;-2.93746500;-97.453;-15.382;162;UMTS;Telkomsel;10638
2022-06-18 15:21:29.388;BP3_DT_01_DATA TEST;2022-06-18-15-15-03-3211-1402-1525-5443-S.mf;115.11545300;-2.93747700;-98.991;-15.683;162;UMTS;Telkomsel;10638
2022-06-18 15:21:29.913;BP3_DT_01_DATA TEST;2022-06-18-15-15-03-3211-1402-1525-5443-S.mf;115.11540500;-2.93748100;-98.285;-15.387;162;UMTS;Telkomsel;10638
2022-06-18 15:21:30.389;BP3_DT_01_DATA TEST;2022-06-18-15-15-03-3211-1402-1525-5443-S.mf;115.11535700;-2.93748500;-99.134;-16.954;162;UMTS;Telkomsel;10638
2022-06-18 15:21:30.915;BP3_DT_01_DATA TEST;2022-06-18-15-15-03-3211-1402-1525-5443-S.mf;115.11535700;-2.93748500;-97.323;-14.729;162;UMTS;Telkomsel;10638
2022-06-18 15:21:31.390;BP3_DT_01_DATA TEST;2022-06-18-15-15-03-3211-1402-1525-5443-S.mf;115.11526300;-2.93749700;-98.405;-15.781;162;UMTS;Telkomsel;10638
2022-06-18 15:21:31.917;BP3_DT_01_DATA TEST;2022-06-18-15-15-03-3211-1402-1525-5443-S.mf;115.11521700;-2.93750100;-99.473;-16.405;162;UMTS;Telkomsel;10638
2022-06-18 15:21:32.392;BP3_DT_01_DATA TEST;2022-06-18-15-15-03-3211-1402-1525-5443-S.mf;115.11517000;-2.93750500;-99.389;-16.541;162;UMTS;Telkomsel;10638
2022-06-18 15:21:32.918;BP3_DT_01_DATA TEST;2022-06-18-15-15-03-3211-1402-1525-5443-S.mf;115.11512400;-2.93751000;-99.976;-16.994;162;UMTS;Telkomsel;10638
2022-06-18 15:21:33.393;BP3_DT_01_DATA TEST;2022-06-18-15-15-03-3211-1402-1525-5443-S.mf;115.11507700;-2.93751500;-99.478;-17.134;162;UMTS;Telkomsel;10638
2022-06-18 15:21:33.920;BP3_DT_01_DATA TEST;2022-06-18-15-15-03-3211-1402-1525-5443-S.mf;115.11507700;-2.93751500;-99.908;-18.196;162;UMTS;Telkomsel;10638
2022-06-18 15:21:34.395;BP3_DT_01_DATA TEST;2022-06-18-15-15-03-3211-1402-1525-5443-S.mf;115.11498500;-2.93752300;-99.851;-17.881;162;UMTS;Telkomsel;10638
2022-06-18 15:21:34.921;BP3_DT_01_DATA TEST;2022-06-18-15-15-03-3211-1402-1525-5443-S.mf;115.11494100;-2.93752700;-99.479;-16.39;162;UMTS;Telkomsel;10638
2022-06-18 15:21:35.396;BP3_DT_01_DATA TEST;2022-06-18-15-15-03-3211-1402-1525-5443-S.mf;115.11489700;-2.93753000;-98.532;-17.285;162;UMTS;Telkomsel;10638
2022-06-18 15:21:35.923;BP3_DT_01_DATA TEST;2022-06-18-15-15-03-3211-1402-1525-5443-S.mf;115.11489700;-2.93753000;-99.955;-18.649;162;UMTS;Telkomsel;10638
2022-06-18 15:21:36.396;BP3_DT_01_DATA TEST;2022-06-18-15-15-03-3211-1402-1525-5443-S.mf;115.11480700;-2.93754200;-100.873;-18.363;162;UMTS;Telkomsel;10638
2022-06-18 15:21:36.455;BP3_DT_01_DATA TEST;2022-06-18-15-15-03-3211-1402-1525-5443-S.mf;115.11480700;-2.93754200;-100.873;-18.363;162;UMTS;Telkomsel;10638
2022-06-18 15:24:12.473;BP3_DT_04_SMS ON NET;2022-06-18-15-23-40-3241-1402-1515-4224-S.mf;115.09976200;-2.93749700;-117;-23;170;UMTS;Smartfren;10638
2022-06-18 15:24:17.509;BP3_DT_04_SMS ON NET;2022-06-18-15-23-40-3241-1402-1515-4224-S.mf;115.09919500;-2.93753800;-99;-15;4;UMTS;Smartfren;10638
2022-06-18 15:24:18.146;BP3_DT_04_SMS ON NET;2022-06-18-15-23-40-3241-1402-1515-4224-S.mf;115.09919500;-2.93753800;-100;-15;4;UMTS;Smartfren;10638
2022-06-18 15:24:18.793;BP3_DT_04_SMS ON NET;2022-06-18-15-23-40-3241-1402-1515-4224-S.mf;115.09908000;-2.93754800;-100;-15;4;UMTS;Smartfren;10638
2022-06-18 15:24:19.416;BP3_DT_04_SMS ON NET;2022-06-18-15-23-40-3241-1402-1515-4224-S.mf;115.09896500;-2.93755800;-101;-16;4;UMTS;Smartfren;10638
2022-06-18 15:24:20.056;BP3_DT_04_SMS ON NET;2022-06-18-15-23-40-3241-1402-1515-4224-S.mf;115.09890800;-2.93756300;-103;-17;4;UMTS;Smartfren;10638
2022-06-18 15:24:20.697;BP3_DT_04_SMS ON NET;2022-06-18-15-23-40-3241-1402-1515-4224-S.mf;115.09885000;-2.93756800;-104;-18;4;UMTS;Smartfren;10638
2022-06-18 15:24:21.338;BP3_DT_04_SMS ON NET;2022-06-18-15-23-40-3241-1402-1515-4224-S.mf;115.09873500;-2.93757800;-106;-19;4;UMTS;Smartfren;10638
2022-06-18 15:24:22.015;BP3_DT_04_SMS ON NET;2022-06-18-15-23-40-3241-1402-1515-4224-S.mf;115.09867800;-2.93758300;-109;-20;4;UMTS;Smartfren;10638
2022-06-18 15:24:22.647;BP3_DT_04_SMS ON NET;2022-06-18-15-23-40-3241-1402-1515-4224-S.mf;115.09862000;-2.93758700;-112;-21;4;UMTS;Smartfren;10638
2022-06-18 15:24:23.290;BP3_DT_04_SMS ON NET;2022-06-18-15-23-40-3241-1402-1515-4224-S.mf;115.09850700;-2.93759500;-114;-22;4;UMTS;Smartfren;10638
2022-06-18 15:24:23.931;BP3_DT_04_SMS ON NET;2022-06-18-15-23-40-3241-1402-1515-4224-S.mf;115.09845000;-2.93759800;-116;-22;4;UMTS;Smartfren;10638
2022-06-18 15:24:24.517;BP3_DT_04_SMS ON NET;2022-06-18-15-23-40-3241-1402-1515-4224-S.mf;115.09839300;-2.93760000;-112;-21;4;UMTS;Smartfren;10638
2022-06-18 15:24:25.178;BP3_DT_04_SMS ON NET;2022-06-18-15-23-40-3241-1402-1515-4224-S.mf;115.09839300;-2.93760000;-110;-19;4;UMTS;Smartfren;10638
2022-06-18 15:24:25.819;BP3_DT_04_SMS ON NET;2022-06-18-15-23-40-3241-1402-1515-4224-S.mf;115.09822100;-2.93760400;-107;-18;4;UMTS;Smartfren;10638
2022-06-18 15:24:26.477;BP3_DT_04_SMS ON NET;2022-06-18-15-23-40-3241-1402-1515-4224-S.mf;115.09816300;-2.93760500;-106;-17;4;UMTS;Smartfren;10638
2022-06-18 15:24:27.109;BP3_DT_04_SMS ON NET;2022-06-18-15-23-40-3241-1402-1515-4224-S.mf;115.09816300;-2.93760500;-104;-16;4;UMTS;Smartfren;10638
2022-06-18 15:24:27.751;BP3_DT_04_SMS ON NET;2022-06-18-15-23-40-3241-1402-1515-4224-S.mf;115.09805000;-2.93760500;-103;-16;4;UMTS;Smartfren;10638
2022-06-18 15:24:28.375;BP3_DT_04_SMS ON NET;2022-06-18-15-23-40-3241-1402-1515-4224-S.mf;115.09793700;-2.93760700;-103;-16;4;UMTS;Smartfren;10638
2022-06-18 15:24:29.018;BP3_DT_04_SMS ON NET;2022-06-18-15-23-40-3241-1402-1515-4224-S.mf;115.09788000;-2.93760700;-103;-16;4;UMTS;Smartfren;10638
2022-06-18 15:24:29.659;BP3_DT_04_SMS ON NET;2022-06-18-15-23-40-3241-1402-1515-4224-S.mf;115.09782300;-2.93760700;-102;-16;4;UMTS;Smartfren;10638
2022-06-18 15:24:30.301;BP3_DT_04_SMS ON NET;2022-06-18-15-23-40-3241-1402-1515-4224-S.mf;115.09782300;-2.93760700;-103;-17;4;UMTS;Smartfren;10638
2022-06-18 15:24:30.941;BP3_DT_04_SMS ON NET;2022-06-18-15-23-40-3241-1402-1515-4224-S.mf;115.09771200;-2.93760700;-103;-17;4;UMTS;Smartfren;10638
2022-06-18 15:24:31.573;BP3_DT_04_SMS ON NET;2022-06-18-15-23-40-3241-1402-1515-4224-S.mf;115.09760200;-2.93760700;-103;-17;4;UMTS;Smartfren;10638
2022-06-18 15:24:32.215;BP3_DT_04_SMS ON NET;2022-06-18-15-23-40-3241-1402-1515-4224-S.mf;115.09760200;-2.93760700;-104;-18;4;UMTS;Smartfren;10638
2022-06-18 15:24:32.896;BP3_DT_04_SMS ON NET;2022-06-18-15-23-40-3241-1402-1515-4224-S.mf;115.09743400;-2.93760600;-105;-18;4;UMTS;Smartfren;10638
2022-06-18 15:24:33.498;BP3_DT_04_SMS ON NET;2022-06-18-15-23-40-3241-1402-1515-4224-S.mf;115.09737800;-2.93760500;-106;-18;4;UMTS;Smartfren;10638
2022-06-18 15:24:34.138;BP3_DT_04_SMS ON NET;2022-06-18-15-23-40-3241-1402-1515-4224-S.mf;115.09737800;-2.93760500;-106;-18;4;UMTS;Smartfren;10638
2022-06-18 15:24:34.779;BP3_DT_04_SMS ON NET;2022-06-18-15-23-40-3241-1402-1515-4224-S.mf;115.09726800;-2.93760200;-106;-18;4;UMTS;Smartfren;10638
2022-06-18 15:24:35.420;BP3_DT_04_SMS ON NET;2022-06-18-15-23-40-3241-1402-1515-4224-S.mf;115.09715700;-2.93759500;-106;-18;4;UMTS;Smartfren;10638
2022-06-18 15:24:36.052;BP3_DT_04_SMS ON NET;2022-06-18-15-23-40-3241-1402-1515-4224-S.mf;115.09715700;-2.93759500;-107;-19;4;UMTS;Smartfren;10638
2022-06-18 15:24:36.694;BP3_DT_04_SMS ON NET;2022-06-18-15-23-40-3241-1402-1515-4224-S.mf;115.09704500;-2.93759200;-107;-19;4;UMTS;Smartfren;10638
2022-06-18 15:24:37.335;BP3_DT_04_SMS ON NET;2022-06-18-15-23-40-3241-1402-1515-4224-S.mf;115.09693300;-2.93758700;-107;-19;4;UMTS;Smartfren;10638
2022-06-18 15:24:37.976;BP3_DT_04_SMS ON NET;2022-06-18-15-23-40-3241-1402-1515-4224-S.mf;115.09693300;-2.93758700;-107;-19;4;UMTS;Smartfren;10638
2022-06-18 15:24:38.618;BP3_DT_04_SMS ON NET;2022-06-18-15-23-40-3241-1402-1515-4224-S.mf;115.09682300;-2.93758000;-108;-19;4;UMTS;Smartfren;10638
2022-06-18 15:24:39.261;BP3_DT_04_SMS ON NET;2022-06-18-15-23-40-3241-1402-1515-4224-S.mf;115.09682300;-2.93758000;-108;-20;4;UMTS;Smartfren;10638
2022-06-18 15:24:39.902;BP3_DT_04_SMS ON NET;2022-06-18-15-23-40-3241-1402-1515-4224-S.mf;115.09666000;-2.93756400;-108;-20;4;UMTS;Smartfren;10638
2022-06-18 15:24:55.232;BP3_DT_05_VOICE DE ON NET;2022-06-18-15-24-53-3251-1402-1515-7748-B.mf;115.09495700;-2.93704500;-116;-22;4;UMTS;Smartfren;10638
2022-06-18 15:24:55.893;BP3_DT_05_VOICE DE ON NET;2022-06-18-15-24-53-3251-1402-1515-7748-B.mf;115.09495700;-2.93704500;-114;-21;4;UMTS;Smartfren;10638
2022-06-18 15:24:56.534;BP3_DT_05_VOICE DE ON NET;2022-06-18-15-24-53-3251-1402-1515-7748-B.mf;115.09495700;-2.93704500;-112;-20;4;UMTS;Smartfren;10638
2022-06-18 15:24:57.175;BP3_DT_05_VOICE DE ON NET;2022-06-18-15-24-53-3251-1402-1515-7748-B.mf;115.09495700;-2.93704500;-111;-20;4;UMTS;Smartfren;10638
2022-06-18 15:24:57.815;BP3_DT_05_VOICE DE ON NET;2022-06-18-15-24-53-3251-1402-1515-7748-B.mf;115.09482100;-2.93696400;-112;-20;4;UMTS;Smartfren;10638
2022-06-18 15:24:58.492;BP3_DT_05_VOICE DE ON NET;2022-06-18-15-24-53-3251-1402-1515-7748-B.mf;115.09477700;-2.93693500;-114;-21;4;UMTS;Smartfren;10638
2022-06-18 15:24:59.124;BP3_DT_05_VOICE DE ON NET;2022-06-18-15-24-53-3251-1402-1515-7748-B.mf;115.09473300;-2.93690700;-116;-22;4;UMTS;Smartfren;10638
2022-06-18 15:24:59.766;BP3_DT_05_VOICE DE ON NET;2022-06-18-15-24-53-3251-1402-1515-7748-B.mf;115.09469000;-2.93687800;-117;-22;4;UMTS;Smartfren;10638
2022-06-18 15:25:00.407;BP3_DT_05_VOICE DE ON NET;2022-06-18-15-24-53-3251-1402-1515-7748-B.mf;115.09460500;-2.93682200;-118;-23;4;UMTS;Smartfren;10638
2022-06-18 15:25:01.049;BP3_DT_05_VOICE DE ON NET;2022-06-18-15-24-53-3251-1402-1515-7748-B.mf;115.09460500;-2.93682200;-119;-23;4;UMTS;Smartfren;10638
2022-06-18 15:25:01.689;BP3_DT_05_VOICE DE ON NET;2022-06-18-15-24-53-3251-1402-1515-7748-B.mf;115.09452200;-2.93676500;-120;-24;4;UMTS;Smartfren;10638
2022-06-18 15:25:02.277;BP3_DT_05_VOICE DE ON NET;2022-06-18-15-24-53-3251-1402-1515-7748-B.mf;115.09443800;-2.93670700;-120;-24;4;UMTS;Smartfren;10638
2022-06-18 15:25:03.037;BP3_DT_05_VOICE DE ON NET;2022-06-18-15-24-53-3251-1402-1515-7748-B.mf;115.09439500;-2.93667900;-120;-24;4;UMTS;Smartfren;10638
2022-06-18 15:25:03.551;BP3_DT_05_VOICE DE ON NET;2022-06-18-15-24-53-3251-1402-1515-7748-B.mf;115.09435300;-2.93665000;-121;-24;4;UMTS;Smartfren;10638
2022-06-18 15:25:04.193;BP3_DT_05_VOICE DE ON NET;2022-06-18-15-24-53-3251-1402-1515-7748-B.mf;115.09435300;-2.93665000;-121;-24;4;UMTS;Smartfren;10638
2022-06-18 15:25:08.865;BP3_DT_05_VOICE DE ON NET;2022-06-18-15-24-53-3251-1402-1515-7748-B.mf;115.09389100;-2.93633400;-104;-15;170;UMTS;Smartfren;10638
2022-06-18 15:25:09.544;BP3_DT_05_VOICE DE ON NET;2022-06-18-15-24-53-3251-1402-1515-7748-B.mf;115.09385000;-2.93630500;-108;-17;170;UMTS;Smartfren;10638
2022-06-18 15:25:10.185;BP3_DT_05_VOICE DE ON NET;2022-06-18-15-24-53-3251-1402-1515-7748-B.mf;115.09385000;-2.93630500;-111;-19;170;UMTS;Smartfren;10638
2022-06-18 15:25:10.772;BP3_DT_05_VOICE DE ON NET;2022-06-18-15-24-53-3251-1402-1515-7748-B.mf;115.09376700;-2.93624800;-114;-20;170;UMTS;Smartfren;10638
2022-06-18 15:25:11.467;BP3_DT_05_VOICE DE ON NET;2022-06-18-15-24-53-3251-1402-1515-7748-B.mf;115.09368300;-2.93619200;-116;-21;170;UMTS;Smartfren;10638
2022-06-18 15:25:12.099;BP3_DT_05_VOICE DE ON NET;2022-06-18-15-24-53-3251-1402-1515-7748-B.mf;115.09368300;-2.93619200;-117;-22;170;UMTS;Smartfren;10638
2022-06-18 15:25:12.740;BP3_DT_05_VOICE DE ON NET;2022-06-18-15-24-53-3251-1402-1515-7748-B.mf;115.09360000;-2.93613800;-118;-23;170;UMTS;Smartfren;10638
2022-06-18 15:25:13.381;BP3_DT_05_VOICE DE ON NET;2022-06-18-15-24-53-3251-1402-1515-7748-B.mf;115.09351800;-2.93608800;-119;-23;170;UMTS;Smartfren;10638
2022-06-18 15:25:14.022;BP3_DT_05_VOICE DE ON NET;2022-06-18-15-24-53-3251-1402-1515-7748-B.mf;115.09347600;-2.93606700;-120;-23;170;UMTS;Smartfren;10638
2022-06-18 15:25:14.609;BP3_DT_05_VOICE DE ON NET;2022-06-18-15-24-53-3251-1402-1515-7748-B.mf;115.09343500;-2.93604500;-120;-24;170;UMTS;Smartfren;10638
2022-06-18 15:25:15.302;BP3_DT_05_VOICE DE ON NET;2022-06-18-15-24-53-3251-1402-1515-7748-B.mf;115.09335500;-2.93601000;-120;-24;170;UMTS;Smartfren;10638
2022-06-18 15:25:15.943;BP3_DT_05_VOICE DE ON NET;2022-06-18-15-24-53-3251-1402-1515-7748-B.mf;115.09335500;-2.93601000;-121;-24;170;UMTS;Smartfren;10638
2022-06-18 15:25:16.576;BP3_DT_05_VOICE DE ON NET;2022-06-18-15-24-53-3251-1402-1515-7748-B.mf;115.09327700;-2.93598200;-121;-24;170;UMTS;Smartfren;10638
2022-06-18 15:25:32.386;BP3_DT_05_VOICE DE ON NET;2022-06-18-15-24-53-3251-1402-1515-7748-B.mf;115.09206500;-2.93588800;-108;-17;39;UMTS;Smartfren;10638
2022-06-18 15:25:33.011;BP3_DT_05_VOICE DE ON NET;2022-06-18-15-24-53-3251-1402-1515-7748-B.mf;115.09202500;-2.93589300;-108;-17;39;UMTS;Smartfren;10638
2022-06-18 15:25:33.652;BP3_DT_05_VOICE DE ON NET;2022-06-18-15-24-53-3251-1402-1515-7748-B.mf;115.09198500;-2.93589700;-109;-18;39;UMTS;Smartfren;10638
2022-06-18 15:25:34.265;BP3_DT_05_VOICE DE ON NET;2022-06-18-15-24-53-3251-1402-1515-7748-B.mf;115.09190200;-2.93590300;-111;-19;39;UMTS;Smartfren;10638
2022-06-18 15:25:51.049;BP3_DT_05_VOICE DE ON NET;2022-06-18-15-24-53-3251-1402-1515-7748-B.mf;115.09063100;-2.93592400;-117;-22;39;UMTS;Smartfren;10638
2022-06-18 15:25:51.653;BP3_DT_05_VOICE DE ON NET;2022-06-18-15-24-53-3251-1402-1515-7748-B.mf;115.09059800;-2.93590700;-118;-23;39;UMTS;Smartfren;10638
2022-06-18 15:25:52.302;BP3_DT_05_VOICE DE ON NET;2022-06-18-15-24-53-3251-1402-1515-7748-B.mf;115.09053000;-2.93587200;-119;-23;39;UMTS;Smartfren;10638
2022-06-18 15:25:52.983;BP3_DT_05_VOICE DE ON NET;2022-06-18-15-24-53-3251-1402-1515-7748-B.mf;115.09053000;-2.93587200;-119;-23;39;UMTS;Smartfren;10638
